bedrooms,bathrooms,stories,parking,area,furnishingstatus_semi-furnished,furnishingstatus_unfurnished,mainroad,guestroom,basement,hotwaterheating,airconditioning,prefarea,price
0.6000000000000001,0.3333333333333333,0.6666666666666667,0.6666666666666666,0.3965635738831615,0.0,0.0,1,0,0,0,1,1,13300000
0.6000000000000001,1.0,1.0,1.0,0.5024054982817869,0.0,0.0,1,0,0,0,1,0,12250000
0.4000000000000001,0.3333333333333333,0.3333333333333333,0.6666666666666666,0.5711340206185567,1.0,0.0,1,0,1,0,0,1,12250000
0.6000000000000001,0.3333333333333333,0.3333333333333333,1.0,0.40206185567010305,0.0,0.0,1,0,1,0,1,1,12215000
0.6000000000000001,0.0,0.3333333333333333,0.6666666666666666,0.3965635738831615,0.0,0.0,1,1,1,0,1,0,11410000
0.4000000000000001,0.6666666666666667,0.0,0.6666666666666666,0.40206185567010305,1.0,0.0,1,0,1,0,1,1,10850000
0.6000000000000001,0.6666666666666667,1.0,0.6666666666666666,0.47628865979381435,1.0,0.0,1,0,0,0,1,1,10150000
0.8,0.6666666666666667,0.3333333333333333,0.0,0.9999999999999998,0.0,1.0,1,0,0,0,0,0,10150000
0.6000000000000001,0.0,0.3333333333333333,0.6666666666666666,0.4432989690721649,0.0,0.0,1,1,1,0,1,1,9870000
0.4000000000000001,0.3333333333333333,1.0,0.3333333333333333,0.281786941580756,0.0,1.0,1,1,0,0,1,1,9800000
0.4000000000000001,0.0,0.3333333333333333,0.6666666666666666,0.7938144329896906,0.0,0.0,1,0,1,0,1,1,9800000
0.6000000000000001,0.6666666666666667,0.3333333333333333,0.6666666666666666,0.29896907216494845,1.0,0.0,1,1,1,1,0,0,9681000
0.6000000000000001,0.3333333333333333,0.3333333333333333,0.3333333333333333,0.3367697594501718,1.0,0.0,1,0,0,0,1,1,9310000
0.6000000000000001,0.3333333333333333,0.3333333333333333,0.6666666666666666,0.12714776632302405,0.0,0.0,1,0,0,1,0,0,9240000
0.4000000000000001,0.3333333333333333,0.3333333333333333,0.0,0.422680412371134,1.0,0.0,1,0,0,0,0,1,9240000
0.6000000000000001,0.0,0.3333333333333333,0.6666666666666666,0.29896907216494845,1.0,0.0,1,0,1,0,0,0,9100000
0.6000000000000001,0.3333333333333333,0.3333333333333333,0.3333333333333333,0.34020618556701027,0.0,1.0,1,1,1,0,1,1,9100000
0.4000000000000001,0.3333333333333333,1.0,0.6666666666666666,0.4707903780068728,0.0,0.0,1,0,0,0,1,0,8960000
0.4000000000000001,0.3333333333333333,0.3333333333333333,0.6666666666666666,0.2027491408934708,0.0,0.0,1,1,0,0,1,0,8890000
0.4000000000000001,0.3333333333333333,0.3333333333333333,0.3333333333333333,0.32783505154639175,1.0,0.0,1,0,0,0,1,1,8855000
0.4000000000000001,0.0,0.3333333333333333,0.6666666666666666,0.18350515463917527,1.0,0.0,1,0,1,1,0,0,8750000
0.4000000000000001,0.3333333333333333,0.0,0.6666666666666666,0.3783505154639175,0.0,1.0,1,1,1,0,1,0,8680000
0.4000000000000001,0.0,0.0,0.3333333333333333,0.4398625429553264,0.0,0.0,1,1,1,0,1,0,8645000
0.4000000000000001,0.3333333333333333,0.3333333333333333,0.3333333333333333,0.2,0.0,0.0,1,1,1,0,1,0,8645000
0.4000000000000001,0.3333333333333333,0.3333333333333333,0.6666666666666666,0.49140893470790376,0.0,0.0,1,0,0,0,1,0,8575000
0.6000000000000001,0.3333333333333333,0.3333333333333333,0.6666666666666666,0.3360824742268041,0.0,0.0,1,1,1,0,1,1,8540000
0.4000000000000001,0.3333333333333333,1.0,0.0,0.29896907216494845,1.0,0.0,1,1,1,0,1,1,8463000
0.4000000000000001,0.0,0.0,0.3333333333333333,0.49656357388316147,1.0,0.0,1,0,0,0,0,0,8400000
0.8,0.3333333333333333,0.3333333333333333,0.6666666666666666,0.43298969072164945,0.0,1.0,1,0,1,1,0,0,8400000
0.6000000000000001,0.3333333333333333,0.3333333333333333,0.3333333333333333,0.2646048109965636,1.0,0.0,1,0,1,0,1,1,8400000
0.4000000000000001,0.3333333333333333,1.0,0.6666666666666666,0.4003436426116838,0.0,1.0,1,0,0,0,1,0,8400000
0.4000000000000001,0.0,1.0,0.6666666666666666,0.3676975945017182,1.0,0.0,1,0,0,0,1,0,8400000
0.6000000000000001,0.3333333333333333,0.3333333333333333,0.3333333333333333,0.2219931271477663,0.0,0.0,1,0,0,0,1,1,8295000
0.4000000000000001,0.6666666666666667,0.3333333333333333,0.3333333333333333,0.29621993127147767,0.0,1.0,1,1,1,0,0,0,8190000
0.8,0.0,0.3333333333333333,0.3333333333333333,0.356701030927835,0.0,0.0,1,1,1,0,1,0,8120000
0.4000000000000001,0.3333333333333333,1.0,0.6666666666666666,0.3676975945017182,0.0,0.0,1,0,0,0,1,0,8080940
0.4000000000000001,0.3333333333333333,0.6666666666666667,0.3333333333333333,0.40082474226804116,0.0,0.0,1,0,0,1,0,1,8043000
0.6000000000000001,0.3333333333333333,1.0,0.6666666666666666,0.5051546391752577,0.0,0.0,1,0,0,0,1,0,7980000
0.4000000000000001,0.0,1.0,0.6666666666666666,0.29896907216494845,0.0,1.0,1,1,0,0,1,0,7962500
0.6000000000000001,0.3333333333333333,1.0,0.3333333333333333,0.29896907216494845,1.0,0.0,1,0,0,0,1,0,7910000
0.4000000000000001,0.0,0.3333333333333333,0.0,0.3367697594501718,0.0,0.0,1,0,1,0,1,1,7875000
0.4000000000000001,0.3333333333333333,1.0,0.0,0.3237113402061855,0.0,0.0,1,0,0,0,1,1,7840000
0.4000000000000001,0.3333333333333333,1.0,0.6666666666666666,0.3319587628865979,0.0,1.0,1,0,0,0,1,0,7700000
0.6000000000000001,0.3333333333333333,1.0,0.6666666666666666,0.29896907216494845,1.0,0.0,1,0,0,0,0,0,7700000
0.6000000000000001,0.3333333333333333,1.0,0.3333333333333333,0.29896907216494845,0.0,0.0,1,0,0,0,1,0,7560000
0.4000000000000001,0.3333333333333333,0.6666666666666667,0.0,0.29896907216494845,1.0,0.0,1,0,0,0,1,0,7560000
0.4000000000000001,0.3333333333333333,1.0,0.3333333333333333,0.29896907216494845,0.0,0.0,1,0,0,0,1,0,7525000
0.4000000000000001,0.0,1.0,1.0,0.34020618556701027,0.0,0.0,1,0,0,0,1,1,7490000
0.4000000000000001,0.3333333333333333,0.3333333333333333,0.3333333333333333,0.18213058419243983,0.0,1.0,1,0,1,0,0,0,7455000
0.4000000000000001,0.3333333333333333,0.0,0.0,0.3979381443298969,1.0,0.0,1,1,1,0,1,1,7420000
0.4000000000000001,0.3333333333333333,1.0,0.3333333333333333,0.3979381443298969,0.0,1.0,1,0,0,0,0,1,7420000
0.4000000000000001,0.0,1.0,0.3333333333333333,0.3213058419243986,0.0,1.0,1,0,0,0,1,0,7420000
0.6000000000000001,0.3333333333333333,1.0,0.3333333333333333,0.29896907216494845,0.0,0.0,1,1,0,0,1,0,7350000
0.4000000000000001,0.3333333333333333,1.0,0.6666666666666666,0.24054982817869414,1.0,0.0,1,0,0,0,1,0,7350000
0.4000000000000001,0.3333333333333333,0.3333333333333333,0.3333333333333333,0.29896907216494845,1.0,0.0,1,1,0,0,1,0,7350000
0.4000000000000001,0.0,0.3333333333333333,0.3333333333333333,0.29896907216494845,0.0,1.0,1,0,0,0,1,0,7350000
0.6000000000000001,0.0,0.3333333333333333,0.3333333333333333,0.672852233676976,1.0,0.0,1,0,1,0,0,1,7343000
0.6000000000000001,0.3333333333333333,1.0,0.3333333333333333,0.5051546391752577,0.0,0.0,1,1,0,0,1,1,7245000
0.6000000000000001,0.3333333333333333,1.0,0.3333333333333333,0.41443298969072156,1.0,0.0,1,1,0,0,1,0,7210000
0.4000000000000001,0.3333333333333333,1.0,0.3333333333333333,0.29896907216494845,0.0,0.0,1,1,0,0,1,0,7210000
0.4000000000000001,0.3333333333333333,0.3333333333333333,0.3333333333333333,0.29896907216494845,1.0,0.0,1,1,0,0,0,0,7140000
0.2,0.0,0.0,0.3333333333333333,0.4969072164948453,1.0,0.0,1,0,0,0,1,0,7070000
0.6000000000000001,0.3333333333333333,0.3333333333333333,0.3333333333333333,0.3154639175257732,0.0,0.0,1,0,0,0,1,0,7070000
0.6000000000000001,0.3333333333333333,0.6666666666666667,0.6666666666666666,0.3237113402061855,0.0,0.0,1,0,0,0,1,1,7035000
0.4000000000000001,0.0,0.0,0.3333333333333333,0.6546391752577319,0.0,0.0,1,0,1,0,1,1,7000000
0.4000000000000001,0.3333333333333333,0.3333333333333333,0.3333333333333333,0.4969072164948453,0.0,0.0,1,0,1,0,1,0,6930000
0.2,0.0,0.0,0.3333333333333333,0.7938144329896906,0.0,0.0,1,0,1,1,0,0,6930000
0.4000000000000001,0.3333333333333333,0.0,0.6666666666666666,0.41580756013745707,0.0,1.0,1,0,0,0,0,0,6895000
0.4000000000000001,0.0,0.0,0.3333333333333333,0.29896907216494845,0.0,0.0,1,0,0,0,1,0,6860000
0.6000000000000001,0.3333333333333333,0.3333333333333333,0.6666666666666666,0.7175257731958762,0.0,0.0,1,0,0,0,0,1,6790000
0.4000000000000001,0.3333333333333333,0.3333333333333333,0.0,0.16151202749140892,1.0,0.0,1,0,1,0,1,1,6790000
0.6000000000000001,0.3333333333333333,1.0,0.0,0.29896907216494845,0.0,1.0,1,0,0,0,1,0,6755000
0.4000000000000001,0.0,1.0,0.0,0.2316151202749141,0.0,1.0,1,0,0,0,1,1,6720000
0.2,0.3333333333333333,1.0,0.0,0.34020618556701027,0.0,0.0,1,0,1,0,0,1,6685000
0.4000000000000001,0.0,0.3333333333333333,0.3333333333333333,0.1642611683848797,0.0,0.0,1,0,1,1,0,0,6650000
0.6000000000000001,0.3333333333333333,0.3333333333333333,0.0,0.17938144329896905,1.0,0.0,1,0,0,1,0,0,6650000
0.4000000000000001,0.3333333333333333,0.6666666666666667,0.0,0.32783505154639175,0.0,0.0,1,0,0,0,1,1,6650000
0.4000000000000001,0.3333333333333333,0.6666666666666667,0.0,0.3333333333333333,0.0,0.0,1,0,0,0,1,1,6650000
0.4000000000000001,0.0,0.0,0.6666666666666666,0.2783505154639175,0.0,0.0,1,1,1,0,1,1,6650000
0.4000000000000001,0.3333333333333333,0.6666666666666667,0.0,0.29896907216494845,0.0,0.0,1,1,0,0,1,0,6650000
0.4000000000000001,0.0,0.3333333333333333,0.3333333333333333,0.29896907216494845,1.0,0.0,1,0,0,1,0,1,6629000
0.4000000000000001,0.3333333333333333,0.3333333333333333,0.3333333333333333,0.16151202749140892,1.0,0.0,1,0,1,0,1,0,6615000
0.4000000000000001,0.3333333333333333,0.0,0.3333333333333333,0.6082474226804124,0.0,0.0,1,0,1,0,1,1,6615000
0.4000000000000001,0.3333333333333333,1.0,0.0,0.29896907216494845,1.0,0.0,1,0,0,0,1,0,6580000
0.4000000000000001,0.0,0.3333333333333333,0.6666666666666666,0.14501718213058418,1.0,0.0,1,0,0,1,0,0,6510000
0.4000000000000001,0.3333333333333333,0.6666666666666667,0.0,0.4536082474226804,0.0,0.0,1,0,0,0,1,0,6510000
0.4000000000000001,0.0,0.6666666666666667,0.0,0.3450171821305842,0.0,1.0,1,0,1,0,0,1,6510000
0.4000000000000001,0.0,0.0,0.6666666666666666,0.15876288659793814,1.0,0.0,1,0,1,0,0,0,6475000
0.4000000000000001,0.0,0.0,0.6666666666666666,0.3958762886597938,0.0,1.0,1,1,1,0,1,1,6475000
0.8,0.6666666666666667,0.3333333333333333,0.6666666666666666,0.47628865979381435,0.0,0.0,1,0,0,0,0,0,6440000
0.4000000000000001,0.0,0.3333333333333333,0.0,0.23024054982817865,1.0,0.0,1,0,0,0,1,0,6440000
0.2,0.0,0.0,0.6666666666666666,0.35051546391752575,0.0,0.0,1,1,1,0,0,1,6419000
0.4000000000000001,0.3333333333333333,1.0,0.0,0.21649484536082475,0.0,0.0,1,1,0,0,1,0,6405000
0.4000000000000001,0.3333333333333333,0.0,1.0,0.38144329896907214,1.0,0.0,1,0,1,0,1,0,6300000
0.6000000000000001,0.3333333333333333,1.0,0.3333333333333333,0.29896907216494845,1.0,0.0,1,0,0,0,0,0,6300000
0.4000000000000001,0.3333333333333333,0.6666666666666667,0.6666666666666666,0.16838487972508592,1.0,0.0,1,0,0,0,1,0,6300000
0.4000000000000001,0.0,0.0,0.3333333333333333,0.5051546391752577,0.0,0.0,1,0,1,0,0,1,6300000
0.4000000000000001,0.0,0.0,0.3333333333333333,0.32646048109965636,1.0,0.0,1,1,1,0,1,1,6300000
0.4000000000000001,0.3333333333333333,0.6666666666666667,0.0,0.34020618556701027,0.0,1.0,1,0,0,0,1,1,6293000
0.6000000000000001,0.0,0.6666666666666667,0.0,0.29896907216494845,0.0,1.0,1,1,1,0,0,1,6265000
0.4000000000000001,0.3333333333333333,0.0,0.0,0.34020618556701027,0.0,1.0,1,0,1,0,1,1,6230000
0.4000000000000001,0.0,0.6666666666666667,0.3333333333333333,0.2646048109965636,0.0,1.0,1,0,0,0,0,1,6230000
0.4000000000000001,0.3333333333333333,1.0,0.3333333333333333,0.2646048109965636,1.0,0.0,1,1,0,0,1,0,6195000
0.4000000000000001,0.3333333333333333,0.6666666666666667,0.0,0.32302405498281783,0.0,0.0,1,1,0,0,1,0,6195000
0.4000000000000001,0.3333333333333333,0.0,0.6666666666666666,0.2646048109965636,0.0,0.0,1,1,1,0,0,1,6195000
0.4000000000000001,0.0,1.0,0.0,0.19587628865979378,0.0,1.0,1,0,0,0,1,0,6160000
0.6000000000000001,0.3333333333333333,0.0,0.0,0.26116838487972505,1.0,0.0,1,0,1,0,1,1,6160000
0.4000000000000001,0.0,0.6666666666666667,0.0,0.32783505154639175,0.0,1.0,1,0,1,0,0,1,6125000
0.6000000000000001,0.0,0.6666666666666667,0.3333333333333333,0.10927835051546392,1.0,0.0,1,0,0,0,0,0,6107500
0.6000000000000001,0.3333333333333333,0.3333333333333333,0.3333333333333333,0.3412371134020618,1.0,0.0,1,1,0,1,0,0,6090000
0.4000000000000001,0.0,0.0,0.6666666666666666,0.34020618556701027,1.0,0.0,1,1,1,0,0,1,6090000
0.4000000000000001,0.0,0.6666666666666667,0.6666666666666666,0.46199312714776625,0.0,1.0,1,0,0,0,1,0,6090000
1.0000000000000002,0.3333333333333333,0.3333333333333333,0.0,0.18213058419243983,0.0,0.0,1,0,0,0,0,0,6083000
0.4000000000000001,0.0,0.0,0.6666666666666666,0.547766323024055,0.0,0.0,1,0,1,0,0,1,6083000
0.2,0.0,0.0,0.6666666666666666,0.3539518900343642,0.0,0.0,1,1,1,0,0,0,6020000
0.4000000000000001,0.0,0.0,0.6666666666666666,0.4364261168384879,1.0,0.0,1,1,1,0,1,1,6020000
0.4000000000000001,0.3333333333333333,0.0,0.0,0.36082474226804123,0.0,1.0,1,1,1,0,0,1,6020000
0.6000000000000001,0.0,0.3333333333333333,0.0,0.140893470790378,0.0,0.0,1,1,0,0,1,0,5950000
0.4000000000000001,0.0,0.0,0.0,0.32783505154639175,0.0,0.0,1,0,1,0,1,1,5950000
0.4000000000000001,0.0,0.0,0.6666666666666666,0.3690721649484536,1.0,0.0,1,0,1,0,1,1,5950000
0.4000000000000001,0.0,0.0,0.6666666666666666,0.3360824742268041,0.0,0.0,1,1,1,0,0,1,5950000
0.4000000000000001,0.0,0.3333333333333333,0.0,0.383573883161512,1.0,0.0,1,1,1,0,1,1,5950000
0.6000000000000001,0.3333333333333333,0.0,0.3333333333333333,0.3164261168384879,1.0,0.0,1,0,1,0,0,1,5950000
0.6000000000000001,0.3333333333333333,0.3333333333333333,0.0,0.38969072164948454,0.0,0.0,1,0,0,0,0,0,5950000
0.4000000000000001,0.3333333333333333,1.0,0.3333333333333333,0.33505154639175255,0.0,0.0,1,0,0,0,0,0,5950000
0.4000000000000001,0.0,0.0,0.6666666666666666,0.9587628865979381,1.0,0.0,1,0,0,0,1,0,5943000
0.4000000000000001,0.0,0.0,0.6666666666666666,0.37869415807560136,0.0,1.0,1,0,1,0,0,1,5880000
0.4000000000000001,0.3333333333333333,0.6666666666666667,0.0,0.3333333333333333,0.0,1.0,1,0,0,0,1,0,5880000
0.4000000000000001,0.0,0.6666666666666667,0.3333333333333333,0.2646048109965636,0.0,0.0,1,1,0,0,1,0,5873000
0.4000000000000001,0.0,0.6666666666666667,0.6666666666666666,0.6742268041237114,1.0,0.0,1,0,0,0,0,1,5873000
0.4000000000000001,0.0,0.0,0.0,0.21649484536082475,0.0,1.0,1,1,1,0,0,0,5866000
0.6000000000000001,0.0,1.0,0.0,0.287147766323024,1.0,0.0,1,1,0,0,0,0,5810000
0.4000000000000001,0.0,0.6666666666666667,0.0,0.2439862542955326,1.0,0.0,1,0,0,0,1,0,5810000
0.4000000000000001,0.0,0.6666666666666667,0.0,0.21649484536082475,0.0,1.0,1,0,0,0,1,0,5810000
0.4000000000000001,0.0,0.0,0.6666666666666666,0.3676975945017182,1.0,0.0,1,0,1,0,0,1,5803000
0.4000000000000001,0.3333333333333333,1.0,0.0,0.29896907216494845,0.0,1.0,1,0,0,0,1,0,5775000
0.6000000000000001,0.3333333333333333,0.3333333333333333,0.6666666666666666,0.25773195876288657,0.0,1.0,1,0,0,0,1,0,5740000
0.6000000000000001,0.0,0.3333333333333333,0.3333333333333333,0.20549828178694157,1.0,0.0,1,0,0,0,0,0,5740000
0.4000000000000001,0.0,0.6666666666666667,0.0,0.23024054982817865,1.0,0.0,1,0,0,0,1,0,5740000
0.4000000000000001,0.0,0.0,0.6666666666666666,0.3237113402061855,0.0,0.0,1,1,1,0,1,1,5740000
0.4000000000000001,0.3333333333333333,1.0,0.0,0.2852233676975945,0.0,1.0,1,0,0,0,1,0,5740000
0.6000000000000001,0.3333333333333333,0.3333333333333333,0.3333333333333333,0.3443298969072165,1.0,0.0,1,1,1,0,0,1,5652500
0.6000000000000001,0.3333333333333333,0.3333333333333333,0.3333333333333333,0.6082474226804124,1.0,0.0,1,0,0,0,0,0,5600000
0.8,0.3333333333333333,0.6666666666666667,0.0,0.21649484536082475,0.0,1.0,0,0,1,1,0,0,5600000
0.6000000000000001,0.0,0.3333333333333333,0.3333333333333333,0.20962199312714774,0.0,0.0,1,1,1,0,1,0,5600000
0.4000000000000001,0.0,1.0,0.0,0.23024054982817865,0.0,0.0,1,0,0,0,0,0,5600000
0.2,0.0,0.0,0.3333333333333333,0.6082474226804124,1.0,0.0,1,0,0,0,0,0,5600000
0.4000000000000001,0.3333333333333333,0.3333333333333333,0.3333333333333333,0.2646048109965636,1.0,0.0,1,0,0,0,0,0,5600000
0.4000000000000001,0.0,0.6666666666666667,0.0,0.3237113402061855,1.0,0.0,1,0,0,0,0,1,5600000
0.6000000000000001,0.3333333333333333,0.0,0.0,0.34020618556701027,1.0,0.0,1,0,1,0,0,1,5600000
0.4000000000000001,0.0,0.3333333333333333,0.0,0.23958762886597934,0.0,1.0,1,1,1,0,1,1,5600000
0.6000000000000001,0.0,0.3333333333333333,0.6666666666666666,0.18900343642611683,1.0,0.0,1,0,0,0,1,1,5565000
0.8,0.0,0.3333333333333333,0.0,0.25773195876288657,0.0,0.0,1,1,1,0,1,1,5565000
0.4000000000000001,0.6666666666666667,0.3333333333333333,0.0,0.11340206185567009,1.0,0.0,1,0,1,0,0,0,5530000
0.4000000000000001,0.3333333333333333,0.3333333333333333,0.6666666666666666,0.13745704467353953,1.0,0.0,1,0,0,0,0,0,5530000
0.4000000000000001,0.3333333333333333,0.0,0.6666666666666666,0.3058419243986254,0.0,0.0,1,0,1,0,0,1,5530000
0.4000000000000001,0.0,0.0,0.0,0.36082474226804123,1.0,0.0,1,1,1,0,0,1,5523000
0.6000000000000001,0.3333333333333333,0.3333333333333333,0.3333333333333333,0.08020618556701031,0.0,0.0,0,1,1,0,0,0,5495000
0.4000000000000001,0.0,0.0,0.6666666666666666,0.43505154639175253,1.0,0.0,1,0,0,0,0,0,5495000
0.4000000000000001,0.3333333333333333,0.0,0.0,0.10309278350515463,0.0,0.0,1,1,1,0,1,0,5460000
0.6000000000000001,0.0,1.0,0.0,0.3134020618556701,0.0,0.0,1,1,0,0,1,0,5460000
0.4000000000000001,0.0,0.6666666666666667,0.0,0.3058419243986254,1.0,0.0,1,1,0,0,1,1,5460000
0.6000000000000001,0.3333333333333333,0.3333333333333333,0.0,0.34020618556701027,1.0,0.0,1,1,1,0,0,1,5460000
0.4000000000000001,0.0,0.0,0.0,0.35567010309278346,1.0,0.0,1,1,1,0,1,1,5425000
0.4000000000000001,0.3333333333333333,0.3333333333333333,0.3333333333333333,0.34776632302405497,0.0,0.0,1,1,1,0,0,1,5390000
0.4000000000000001,0.3333333333333333,0.0,0.0,0.32989690721649484,0.0,1.0,1,1,1,1,0,0,5383000
0.4000000000000001,0.0,0.0,0.6666666666666666,0.422680412371134,0.0,1.0,1,0,1,0,1,1,5320000
0.2,0.3333333333333333,0.0,0.6666666666666666,0.2027491408934708,1.0,0.0,1,0,0,0,1,0,5285000
0.6000000000000001,0.0,0.3333333333333333,0.0,0.17938144329896905,0.0,0.0,1,0,1,0,1,0,5250000
0.6000000000000001,0.3333333333333333,0.3333333333333333,0.0,0.3360824742268041,1.0,0.0,0,0,0,0,1,0,5250000
0.4000000000000001,0.3333333333333333,0.0,0.0,0.2646048109965636,1.0,0.0,1,0,1,0,0,0,5250000
0.4000000000000001,0.0,0.0,0.3333333333333333,0.5923711340206186,1.0,0.0,1,0,0,0,0,1,5250000
0.4000000000000001,0.0,0.3333333333333333,0.6666666666666666,0.46391752577319584,0.0,1.0,1,1,1,0,1,1,5250000
0.6000000000000001,0.3333333333333333,0.0,0.0,0.2508591065292096,0.0,1.0,1,0,0,0,1,1,5250000
0.4000000000000001,0.0,0.3333333333333333,0.3333333333333333,0.14776632302405496,0.0,1.0,1,1,1,0,0,1,5250000
0.6000000000000001,0.3333333333333333,0.3333333333333333,0.6666666666666666,0.5601374570446735,1.0,0.0,1,1,0,0,0,0,5250000
0.4000000000000001,0.0,0.0,0.6666666666666666,0.4721649484536082,0.0,0.0,1,0,0,0,1,0,5250000
0.4000000000000001,0.0,0.0,0.0,0.3024054982817869,1.0,0.0,1,0,1,0,0,1,5243000
0.4000000000000001,0.0,0.0,0.6666666666666666,0.3735395189003436,1.0,0.0,1,1,1,0,0,1,5229000
0.4000000000000001,0.3333333333333333,0.3333333333333333,0.6666666666666666,0.10515463917525772,1.0,0.0,1,0,0,0,0,0,5215000
0.6000000000000001,0.3333333333333333,0.0,0.6666666666666666,0.19587628865979378,1.0,0.0,0,0,1,0,1,0,5215000
0.4000000000000001,0.0,0.3333333333333333,0.3333333333333333,0.38144329896907214,0.0,0.0,1,1,1,0,0,1,5215000
0.4000000000000001,0.0,0.3333333333333333,0.0,0.12096219931271476,1.0,0.0,0,0,0,0,1,0,5145000
0.4000000000000001,0.0,0.0,0.3333333333333333,0.43505154639175253,1.0,0.0,1,0,0,0,0,1,5145000
0.4000000000000001,0.3333333333333333,0.3333333333333333,0.0,0.09278350515463918,0.0,0.0,1,1,1,0,0,0,5110000
0.4000000000000001,0.0,0.3333333333333333,0.0,0.09278350515463918,0.0,1.0,1,0,1,0,0,0,5110000
0.2,0.0,0.3333333333333333,0.0,0.6707903780068729,0.0,0.0,1,0,0,0,0,1,5110000
0.4000000000000001,0.0,0.0,0.0,0.3058419243986254,1.0,0.0,1,0,1,0,1,1,5110000
0.2,0.0,0.3333333333333333,0.0,0.2797250859106529,0.0,1.0,1,0,0,0,1,1,5075000
0.2,0.0,0.0,0.0,0.12989690721649483,1.0,0.0,0,1,1,0,0,0,5040000
0.6000000000000001,0.0,0.3333333333333333,0.6666666666666666,0.40893470790378,0.0,0.0,1,0,0,0,1,0,5040000
0.4000000000000001,0.0,0.3333333333333333,0.0,0.6219931271477663,1.0,0.0,1,1,1,0,0,0,5040000
0.4000000000000001,0.0,0.0,0.0,0.34020618556701027,0.0,0.0,1,1,1,0,0,1,5040000
0.2,0.0,0.0,0.0,0.21649484536082475,1.0,0.0,1,1,1,0,0,0,5033000
0.4000000000000001,0.3333333333333333,0.0,0.0,0.44673539518900346,1.0,0.0,1,1,1,0,0,0,5005000
0.6000000000000001,0.6666666666666667,0.3333333333333333,0.6666666666666666,0.18969072164948453,1.0,0.0,1,0,1,0,0,0,4970000
0.4000000000000001,0.0,0.0,0.0,0.41484536082474227,1.0,0.0,1,1,1,1,0,0,4970000
0.4000000000000001,0.3333333333333333,0.3333333333333333,0.3333333333333333,0.07903780068728522,1.0,0.0,0,0,1,0,1,0,4956000
0.4000000000000001,0.0,0.3333333333333333,0.0,0.2953951890034364,1.0,0.0,1,0,0,0,1,0,4935000
0.4000000000000001,0.0,0.3333333333333333,0.3333333333333333,0.17525773195876287,0.0,0.0,1,0,0,0,0,0,4907000
0.4000000000000001,0.0,0.3333333333333333,0.0,0.19725085910652917,1.0,0.0,1,0,1,0,1,0,4900000
0.4000000000000001,0.0,0.3333333333333333,0.0,0.16804123711340208,1.0,0.0,0,1,1,0,1,0,4900000
0.2,0.0,0.0,0.3333333333333333,0.1697594501718213,1.0,0.0,1,0,1,0,0,0,4900000
0.6000000000000001,0.0,0.3333333333333333,0.0,0.25773195876288657,1.0,0.0,1,0,0,0,0,0,4900000
0.4000000000000001,0.0,0.0,0.0,0.2144329896907216,1.0,0.0,1,1,1,0,0,0,4900000
0.4000000000000001,0.0,0.0,0.6666666666666666,0.31958762886597936,1.0,0.0,1,0,0,0,1,0,4900000
0.2,0.0,0.0,0.0,0.2852233676975945,1.0,0.0,1,1,1,0,1,0,4900000
0.4000000000000001,0.0,0.3333333333333333,0.0,0.09278350515463918,1.0,0.0,1,0,1,0,1,0,4900000
0.4000000000000001,0.0,0.6666666666666667,0.0,0.0907216494845361,1.0,0.0,1,0,0,0,0,0,4900000
0.4000000000000001,0.0,0.0,0.0,0.34845360824742266,0.0,1.0,1,0,0,0,0,0,4900000
0.4000000000000001,0.0,0.3333333333333333,0.6666666666666666,0.20591065292096217,1.0,0.0,1,1,1,0,0,0,4900000
0.4000000000000001,0.0,0.0,0.6666666666666666,0.7731958762886597,0.0,0.0,1,0,0,0,0,0,4900000
0.6000000000000001,0.3333333333333333,0.3333333333333333,0.6666666666666666,0.12164948453608246,1.0,0.0,1,0,1,0,1,0,4893000
0.6000000000000001,0.3333333333333333,0.0,0.0,0.2298969072164948,1.0,0.0,1,0,1,0,0,0,4893000
0.2,0.0,0.0,0.0,0.18556701030927836,0.0,1.0,1,0,1,0,0,0,4865000
0.4000000000000001,0.0,0.6666666666666667,0.0,0.1725085910652921,0.0,1.0,1,0,0,0,0,0,4830000
0.4000000000000001,0.0,0.0,0.6666666666666666,0.3017182130584192,1.0,0.0,1,0,0,0,0,1,4830000
0.4000000000000001,0.0,0.3333333333333333,0.6666666666666666,0.35821305841924395,0.0,0.0,1,0,0,0,1,1,4830000
0.2,0.0,0.0,0.0,0.2175257731958763,1.0,0.0,1,0,0,0,1,1,4830000
0.4000000000000001,0.0,0.3333333333333333,0.0,0.3676975945017182,0.0,1.0,1,0,1,0,0,0,4795000
0.6000000000000001,0.0,1.0,0.6666666666666666,0.4432989690721649,1.0,0.0,1,0,1,0,1,0,4795000
0.6000000000000001,0.3333333333333333,0.3333333333333333,0.0,0.12164948453608246,1.0,0.0,1,0,0,0,0,0,4767000
0.2,0.0,0.0,0.6666666666666666,0.5165635738831615,1.0,0.0,1,0,1,0,1,0,4760000
0.4000000000000001,0.0,0.3333333333333333,0.3333333333333333,0.32103092783505155,0.0,0.0,1,0,1,0,1,0,4760000
0.2,0.0,0.0,0.6666666666666666,0.5903780068728521,0.0,1.0,1,0,0,0,1,1,4760000
0.2,0.0,0.0,1.0,0.32920962199312714,1.0,0.0,1,0,0,0,1,0,4753000
0.4000000000000001,0.0,1.0,0.0,0.24192439862542953,1.0,0.0,1,0,0,0,1,0,4690000
0.2,0.0,0.0,0.3333333333333333,0.29896907216494845,0.0,0.0,1,0,1,0,1,0,4690000
0.4000000000000001,0.0,0.3333333333333333,0.6666666666666666,0.1360824742268041,1.0,0.0,1,0,0,0,0,0,4690000
0.6000000000000001,0.3333333333333333,0.3333333333333333,0.3333333333333333,0.5509965635738832,1.0,0.0,1,1,1,0,0,0,4690000
0.2,0.0,0.3333333333333333,0.0,0.25773195876288657,1.0,0.0,1,0,0,0,0,1,4690000
0.4000000000000001,0.0,0.0,0.0,0.18350515463917527,1.0,0.0,1,0,0,0,0,1,4690000
0.4000000000000001,0.0,0.3333333333333333,0.0,0.14398625429553263,0.0,0.0,1,0,1,0,0,0,4655000
0.4000000000000001,0.0,0.0,0.0,0.1725085910652921,0.0,1.0,1,1,1,0,1,0,4620000
0.4000000000000001,0.3333333333333333,0.3333333333333333,0.6666666666666666,0.15326460481099657,1.0,0.0,1,0,1,0,0,0,4620000
0.4000000000000001,0.0,0.3333333333333333,0.3333333333333333,0.2769759450171821,1.0,0.0,1,1,0,0,1,0,4620000
0.2,0.0,0.3333333333333333,0.0,0.08384879725085911,1.0,0.0,1,1,1,0,0,1,4620000
0.4000000000000001,0.0,0.3333333333333333,0.0,0.2309278350515464,1.0,0.0,1,0,1,0,0,0,4620000
0.6000000000000001,0.3333333333333333,0.3333333333333333,0.0,0.19656357388316148,1.0,0.0,1,0,1,0,0,0,4613000
0.4000000000000001,0.0,0.3333333333333333,0.3333333333333333,0.16151202749140892,0.0,0.0,1,0,0,0,0,0,4585000
0.4000000000000001,0.0,0.3333333333333333,0.3333333333333333,0.15051546391752574,1.0,0.0,1,0,0,0,0,1,4585000
0.4000000000000001,0.0,0.0,0.6666666666666666,0.14501718213058418,1.0,0.0,1,0,0,0,0,0,4550000
0.4000000000000001,0.0,0.3333333333333333,0.0,0.13676975945017184,0.0,0.0,1,0,0,0,1,0,4550000
0.4000000000000001,0.0,0.3333333333333333,0.0,0.061855670103092786,0.0,0.0,1,0,1,0,0,0,4550000
0.4000000000000001,0.0,0.3333333333333333,0.0,0.252233676975945,1.0,0.0,1,1,1,0,0,1,4550000
0.4000000000000001,0.0,0.3333333333333333,0.6666666666666666,0.2549828178694158,0.0,1.0,1,0,0,0,0,1,4550000
0.4000000000000001,0.0,0.0,0.0,0.12852233676975944,1.0,0.0,1,0,0,0,0,1,4550000
0.6000000000000001,0.0,1.0,1.0,0.46391752577319584,0.0,1.0,1,0,0,0,0,0,4550000
0.2,0.3333333333333333,0.0,0.0,0.16838487972508592,1.0,0.0,1,1,1,0,0,0,4543000
0.6000000000000001,0.3333333333333333,0.3333333333333333,0.0,0.22955326460481096,0.0,0.0,1,1,1,0,0,1,4543000
0.4000000000000001,0.0,0.6666666666666667,0.0,0.12783505154639174,1.0,0.0,1,0,0,0,0,0,4515000
0.4000000000000001,0.0,0.3333333333333333,0.3333333333333333,0.12371134020618557,1.0,0.0,1,0,1,0,0,0,4515000
0.4000000000000001,0.0,0.0,0.0,0.5642611683848797,1.0,0.0,1,0,0,0,0,0,4515000
0.2,0.0,0.3333333333333333,0.0,0.12852233676975944,0.0,0.0,1,0,0,0,0,1,4515000
0.6000000000000001,0.0,0.3333333333333333,0.6666666666666666,0.19656357388316148,1.0,0.0,1,0,0,0,1,0,4480000
0.2,0.0,0.0,0.3333333333333333,0.2910652920962199,0.0,1.0,1,0,0,0,1,0,4480000
0.4000000000000001,0.0,0.3333333333333333,0.6666666666666666,0.16151202749140892,0.0,0.0,1,0,0,0,0,0,4480000
0.4000000000000001,0.0,0.0,0.0,0.4536082474226804,0.0,0.0,1,0,0,0,0,0,4480000
0.4000000000000001,0.0,0.3333333333333333,0.3333333333333333,0.1642611683848797,1.0,0.0,1,0,0,0,0,0,4480000
0.2,0.0,0.0,0.3333333333333333,0.3237113402061855,0.0,0.0,1,0,1,0,1,0,4473000
0.4000000000000001,0.0,0.3333333333333333,0.3333333333333333,0.10391752577319588,0.0,0.0,1,0,0,0,1,0,4473000
0.4000000000000001,0.0,0.3333333333333333,0.0,0.12783505154639174,1.0,0.0,1,0,0,0,0,0,4473000
0.2,0.0,0.0,0.0,0.14432989690721648,1.0,0.0,1,1,1,0,0,0,4445000
0.4000000000000001,0.0,0.3333333333333333,0.0,0.15931271477663228,1.0,0.0,0,0,0,0,0,0,4410000
0.2,0.0,0.3333333333333333,0.0,0.2233676975945017,1.0,0.0,1,0,1,0,0,0,4410000
0.4000000000000001,0.0,0.3333333333333333,0.0,0.08453608247422681,1.0,0.0,1,0,0,0,0,1,4403000
0.4000000000000001,0.0,0.0,0.6666666666666666,0.2219931271477663,0.0,1.0,1,0,0,0,0,1,4403000
0.4000000000000001,0.0,0.3333333333333333,0.3333333333333333,0.2247422680412371,1.0,0.0,1,0,0,0,0,0,4403000
0.6000000000000001,0.0,0.3333333333333333,0.0,0.22680412371134018,1.0,0.0,1,0,0,0,1,0,4382000
0.4000000000000001,0.0,0.3333333333333333,0.0,0.15463917525773196,0.0,1.0,1,0,0,0,0,0,4375000
0.4000000000000001,0.3333333333333333,0.6666666666666667,0.3333333333333333,0.19587628865979378,0.0,0.0,1,0,0,1,0,0,4340000
0.8,0.0,0.3333333333333333,0.0,0.017525773195876282,1.0,0.0,0,0,1,0,0,0,4340000
0.4000000000000001,0.0,0.0,0.6666666666666666,0.16666666666666669,1.0,0.0,1,1,1,0,0,0,4340000
0.6000000000000001,0.0,0.3333333333333333,0.6666666666666666,0.12714776632302405,0.0,0.0,1,0,0,0,0,0,4340000
0.6000000000000001,0.0,0.3333333333333333,0.0,0.32989690721649484,1.0,0.0,1,0,0,0,0,0,4340000
0.2,0.0,0.0,0.0,0.16371134020618555,0.0,0.0,1,0,1,0,0,0,4319000
0.2,0.0,0.0,0.3333333333333333,0.18900343642611683,1.0,0.0,1,0,0,0,0,0,4305000
0.2,0.0,0.0,0.3333333333333333,0.5986254295532645,1.0,0.0,1,0,0,0,0,1,4305000
0.4000000000000001,0.0,0.3333333333333333,0.6666666666666666,0.12027491408934707,1.0,0.0,1,0,1,0,0,1,4277000
0.2,0.0,0.0,0.0,0.3237113402061855,0.0,0.0,1,0,0,0,0,0,4270000
0.2,0.0,0.3333333333333333,0.0,0.3237113402061855,0.0,1.0,1,0,0,0,0,0,4270000
0.2,0.0,0.0,0.6666666666666666,0.19587628865979378,0.0,0.0,1,0,0,0,1,0,4270000
0.4000000000000001,0.0,0.3333333333333333,0.0,0.036082474226804134,0.0,1.0,0,1,1,0,1,0,4270000
0.6000000000000001,0.0,0.3333333333333333,0.0,0.18625429553264605,0.0,0.0,1,0,0,0,0,0,4270000
0.2,0.0,0.0,0.3333333333333333,0.42061855670103093,0.0,0.0,1,0,0,0,0,0,4270000
0.4000000000000001,0.0,0.3333333333333333,0.0,0.3436426116838488,1.0,0.0,1,1,0,0,0,0,4235000
0.4000000000000001,0.0,0.0,0.0,0.07814432989690723,0.0,0.0,1,0,1,0,0,1,4235000
0.4000000000000001,0.0,0.3333333333333333,0.0,0.2646048109965636,0.0,1.0,1,0,0,0,1,0,4200000
0.4000000000000001,0.0,0.3333333333333333,0.0,0.2329896907216495,0.0,1.0,1,0,1,0,1,0,4200000
0.2,0.0,0.0,0.6666666666666666,0.28865979381443296,1.0,0.0,1,1,1,0,0,0,4200000
0.6000000000000001,0.6666666666666667,0.3333333333333333,0.0,0.06597938144329896,1.0,0.0,0,0,0,0,0,0,4200000
0.4000000000000001,0.0,0.3333333333333333,0.0,0.089553264604811,0.0,1.0,1,0,1,0,1,0,4200000
0.6000000000000001,0.3333333333333333,0.3333333333333333,0.0,0.07539518900343642,1.0,0.0,0,0,0,0,0,0,4200000
0.2,0.0,0.0,0.3333333333333333,0.18969072164948453,0.0,1.0,0,0,0,0,0,0,4200000
0.6000000000000001,0.3333333333333333,0.3333333333333333,0.0,0.16151202749140892,1.0,0.0,0,0,0,0,0,0,4200000
0.4000000000000001,0.0,0.3333333333333333,0.0,0.04639175257731959,1.0,0.0,0,0,0,0,0,0,4200000
0.4000000000000001,0.3333333333333333,0.3333333333333333,0.3333333333333333,0.2027491408934708,1.0,0.0,1,0,0,0,1,0,4200000
0.4000000000000001,0.3333333333333333,0.3333333333333333,0.0,0.13676975945017184,0.0,1.0,1,0,1,0,0,0,4200000
0.4000000000000001,0.0,0.0,0.6666666666666666,0.2852233676975945,1.0,0.0,1,0,0,1,0,0,4200000
0.4000000000000001,0.0,0.0,1.0,0.3676975945017182,0.0,0.0,1,0,0,0,0,0,4200000
0.4000000000000001,0.0,0.6666666666666667,0.0,0.16694158075601373,1.0,0.0,1,0,0,0,0,0,4200000
0.4000000000000001,0.0,0.3333333333333333,0.0,0.12852233676975944,1.0,0.0,1,0,0,0,0,1,4200000
0.4000000000000001,0.0,0.6666666666666667,0.3333333333333333,0.03402061855670102,0.0,1.0,1,0,0,0,0,1,4200000
0.4000000000000001,0.0,0.0,0.0,0.19587628865979378,0.0,0.0,1,0,1,0,0,0,4200000
0.4000000000000001,0.0,0.0,1.0,0.4536082474226804,1.0,0.0,1,0,1,0,0,0,4193000
0.4000000000000001,0.0,0.3333333333333333,0.3333333333333333,0.12371134020618557,1.0,0.0,1,0,0,0,0,0,4193000
0.4000000000000001,0.0,0.3333333333333333,0.3333333333333333,0.21924398625429553,1.0,0.0,1,0,0,0,0,0,4165000
0.4000000000000001,0.0,0.3333333333333333,0.6666666666666666,0.16701030927835053,1.0,0.0,1,0,0,0,0,0,4165000
0.4000000000000001,0.0,0.3333333333333333,0.3333333333333333,0.16467353951890035,1.0,0.0,1,0,1,0,0,0,4165000
0.6000000000000001,0.0,0.3333333333333333,0.0,0.20494845360824743,1.0,0.0,1,0,0,0,1,0,4130000
0.4000000000000001,0.0,0.0,0.0,0.2979381443298969,1.0,0.0,1,0,1,0,0,0,4130000
0.2,0.0,0.0,0.3333333333333333,0.3030927835051546,1.0,0.0,1,0,1,0,0,0,4123000
0.4000000000000001,0.0,0.0,0.0,0.13402061855670103,0.0,0.0,1,0,1,0,1,1,4098500
0.4000000000000001,0.3333333333333333,0.3333333333333333,0.0,0.13951890034364262,1.0,0.0,1,0,0,0,0,0,4095000
0.2,0.0,0.3333333333333333,0.3333333333333333,0.1642611683848797,1.0,0.0,1,0,0,0,0,0,4095000
0.2,0.0,0.0,0.0,0.27147766323024053,1.0,0.0,1,0,0,0,1,0,4095000
0.6000000000000001,0.3333333333333333,0.3333333333333333,0.3333333333333333,0.29209621993127144,0.0,1.0,0,0,1,0,0,0,4060000
0.4000000000000001,0.3333333333333333,0.3333333333333333,0.6666666666666666,0.2296907216494845,0.0,1.0,1,0,0,0,0,0,4060000
0.4000000000000001,0.0,0.0,0.0,0.18487972508591066,1.0,0.0,1,0,0,0,0,0,4060000
0.6000000000000001,0.0,0.6666666666666667,0.6666666666666666,0.09278350515463918,1.0,0.0,1,0,1,0,1,0,4060000
0.4000000000000001,0.0,0.3333333333333333,0.6666666666666666,0.18350515463917527,0.0,0.0,1,0,0,0,0,1,4060000
0.4000000000000001,0.3333333333333333,0.3333333333333333,0.6666666666666666,0.1360824742268041,1.0,0.0,1,0,0,1,0,0,4025000
0.4000000000000001,0.3333333333333333,0.0,0.3333333333333333,0.12439862542955327,0.0,0.0,1,0,1,0,1,0,4025000
0.4000000000000001,0.0,0.0,1.0,0.25773195876288657,1.0,0.0,1,0,0,0,0,0,4025000
0.4000000000000001,0.0,0.3333333333333333,0.0,0.19587628865979378,1.0,0.0,0,0,1,0,1,0,4007500
0.6000000000000001,0.0,0.3333333333333333,0.0,0.12439862542955327,1.0,0.0,1,0,0,0,1,0,4007500
0.6000000000000001,0.0,0.0,0.0,0.16838487972508592,0.0,1.0,0,0,1,0,0,0,3990000
0.4000000000000001,0.0,0.3333333333333333,0.3333333333333333,0.3319587628865979,1.0,0.0,0,0,0,0,1,0,3990000
0.4000000000000001,0.3333333333333333,0.3333333333333333,0.0,0.19587628865979378,1.0,0.0,0,0,1,0,1,0,3990000
0.4000000000000001,0.0,0.3333333333333333,0.0,0.15876288659793814,0.0,0.0,1,0,0,0,0,0,3990000
0.2,0.0,0.3333333333333333,0.0,0.1649484536082474,0.0,1.0,1,1,1,0,0,1,3990000
0.4000000000000001,0.3333333333333333,0.0,1.0,0.3855670103092783,0.0,0.0,1,1,1,0,0,0,3920000
0.6000000000000001,0.0,0.3333333333333333,0.0,0.2646048109965636,1.0,0.0,1,1,1,0,0,0,3920000
0.4000000000000001,0.0,0.3333333333333333,0.0,0.09278350515463918,1.0,0.0,1,0,0,0,0,0,3920000
0.2,0.0,0.0,0.3333333333333333,0.1127147766323024,0.0,0.0,1,0,0,1,0,0,3920000
0.2,0.0,0.0,0.6666666666666666,0.1488659793814433,0.0,0.0,1,0,1,0,1,0,3920000
0.4000000000000001,0.0,0.0,0.6666666666666666,0.4419243986254295,1.0,0.0,1,0,0,0,1,0,3920000
0.6000000000000001,0.3333333333333333,0.0,0.0,0.03402061855670102,0.0,1.0,1,0,1,0,0,1,3920000
0.2,0.0,0.3333333333333333,0.0,0.14639175257731957,1.0,0.0,1,1,1,0,0,0,3885000
0.6000000000000001,0.3333333333333333,0.3333333333333333,0.0,0.10515463917525772,0.0,0.0,1,0,0,0,0,0,3885000
0.8,0.3333333333333333,0.3333333333333333,0.0,0.2508591065292096,1.0,0.0,1,0,0,0,0,0,3850000
0.2,0.3333333333333333,0.0,0.6666666666666666,0.10515463917525772,1.0,0.0,1,0,1,0,0,0,3850000
0.4000000000000001,0.0,0.3333333333333333,0.0,0.3781443298969072,0.0,0.0,1,0,0,0,1,0,3850000
0.2,0.0,0.0,0.0,0.16701030927835053,1.0,0.0,1,0,0,0,0,0,3850000
0.2,0.0,0.0,0.0,0.1512027491408935,1.0,0.0,1,0,0,0,0,0,3850000
0.4000000000000001,0.0,0.3333333333333333,0.0,0.025085910652920956,1.0,0.0,1,0,1,0,0,1,3850000
0.2,0.0,0.3333333333333333,0.0,0.03615120274914091,1.0,0.0,1,1,0,0,0,1,3850000
0.4000000000000001,0.0,0.3333333333333333,0.0,0.11683848797250859,0.0,1.0,1,0,0,0,0,0,3836000
0.2,0.3333333333333333,0.0,0.0,0.10309278350515463,1.0,0.0,0,0,1,0,0,0,3815000
0.4000000000000001,0.0,0.3333333333333333,0.0,0.21786941580756014,1.0,0.0,1,0,0,0,0,0,3780000
0.2,0.0,0.3333333333333333,0.3333333333333333,0.12164948453608246,1.0,0.0,1,0,0,1,0,0,3780000
0.2,0.0,0.0,0.0,0.13402061855670103,1.0,0.0,1,0,0,0,0,0,3780000
0.2,0.0,0.0,0.6666666666666666,0.2872852233676976,0.0,1.0,1,0,0,0,0,0,3780000
0.4000000000000001,0.0,0.6666666666666667,0.0,0.08288659793814432,0.0,0.0,1,0,0,0,0,1,3780000
0.2,0.0,0.0,0.3333333333333333,0.46391752577319584,0.0,0.0,1,0,0,0,0,0,3780000
0.4000000000000001,0.0,0.0,0.6666666666666666,0.4536082474226804,0.0,0.0,1,0,0,0,0,0,3773000
0.8,0.3333333333333333,0.0,0.3333333333333333,0.0597938144329897,0.0,0.0,0,0,1,0,1,0,3773000
0.6000000000000001,0.0,0.3333333333333333,0.3333333333333333,0.3628865979381443,0.0,0.0,0,0,0,0,0,0,3773000
0.2,0.0,0.0,0.0,0.12577319587628866,1.0,0.0,1,0,0,0,0,1,3745000
0.4000000000000001,0.0,0.0,0.3333333333333333,0.13402061855670103,0.0,1.0,1,0,0,0,0,0,3710000
0.2,0.0,0.0,0.0,0.1642611683848797,1.0,0.0,1,0,0,0,0,0,3710000
0.4000000000000001,0.0,0.0,0.0,0.30034364261168384,1.0,0.0,1,0,0,0,0,0,3710000
0.2,0.0,0.0,0.0,0.1649484536082474,0.0,0.0,1,0,0,0,0,0,3710000
0.2,0.0,0.0,0.0,0.1329209621993127,1.0,0.0,1,0,0,1,0,0,3710000
0.4000000000000001,0.0,0.3333333333333333,0.0,0.10103092783505155,1.0,0.0,0,0,1,1,0,0,3703000
0.2,0.0,0.0,0.0,0.26116838487972505,0.0,0.0,1,0,0,0,0,0,3703000
0.2,0.0,0.0,0.0,0.1360824742268041,0.0,0.0,1,0,1,0,0,0,3675000
0.2,0.0,0.0,0.0,0.1360824742268041,0.0,1.0,1,0,0,0,1,0,3675000
0.2,0.0,0.0,0.0,0.2742268041237113,1.0,0.0,0,0,0,0,0,0,3675000
0.2,0.0,0.0,0.0,0.13402061855670103,0.0,0.0,1,0,0,0,0,0,3675000
0.2,0.0,0.0,0.6666666666666666,0.18075601374570444,1.0,0.0,1,0,0,0,1,0,3640000
0.4000000000000001,0.0,0.3333333333333333,0.0,0.13195876288659794,1.0,0.0,1,0,1,0,0,0,3640000
0.4000000000000001,0.0,0.3333333333333333,0.0,0.10515463917525772,1.0,0.0,0,0,1,0,0,0,3640000
0.2,0.0,0.3333333333333333,0.0,0.09278350515463918,0.0,0.0,1,0,0,0,1,0,3640000
0.2,0.3333333333333333,0.0,0.0,0.12852233676975944,1.0,0.0,1,0,1,0,0,0,3640000
0.4000000000000001,0.0,0.3333333333333333,0.0,0.29621993127147767,0.0,1.0,1,1,1,0,0,0,3640000
0.4000000000000001,0.3333333333333333,0.3333333333333333,0.6666666666666666,0.170446735395189,1.0,0.0,1,0,0,0,0,0,3640000
0.4000000000000001,0.3333333333333333,0.3333333333333333,0.0,0.0824742268041237,0.0,1.0,0,0,1,0,0,1,3640000
0.4000000000000001,0.0,0.6666666666666667,0.0,0.042955326460481114,1.0,0.0,1,0,0,1,1,1,3640000
0.4000000000000001,0.0,0.0,0.6666666666666666,0.12852233676975944,0.0,1.0,1,0,0,0,0,1,3633000
0.2,0.0,0.0,0.0,0.19587628865979378,1.0,0.0,1,0,0,0,0,0,3605000
0.2,0.0,0.0,0.0,0.16151202749140892,1.0,0.0,1,0,0,0,0,1,3605000
0.4000000000000001,0.0,0.3333333333333333,0.0,0.10309278350515463,0.0,0.0,1,0,1,0,0,0,3570000
0.6000000000000001,0.3333333333333333,0.3333333333333333,0.6666666666666666,0.19587628865979378,0.0,0.0,1,0,1,0,0,0,3570000
0.2,0.0,0.0,0.0,0.19587628865979378,0.0,0.0,0,0,0,0,0,0,3570000
0.2,0.0,0.0,0.0,0.13676975945017184,0.0,1.0,1,0,0,0,0,0,3570000
0.4000000000000001,0.0,0.0,0.6666666666666666,0.1512027491408935,0.0,1.0,1,0,0,0,0,0,3535000
0.4000000000000001,0.0,0.3333333333333333,0.0,0.17800687285223366,1.0,0.0,1,0,0,0,1,0,3500000
0.4000000000000001,0.0,0.3333333333333333,0.0,0.13745704467353953,0.0,1.0,1,0,0,0,0,0,3500000
0.6000000000000001,0.0,0.3333333333333333,0.0,0.2027491408934708,1.0,0.0,1,0,0,0,0,0,3500000
0.4000000000000001,0.3333333333333333,0.3333333333333333,0.0,0.033333333333333326,0.0,1.0,0,0,0,0,0,0,3500000
0.4000000000000001,0.0,0.3333333333333333,0.0,0.09525773195876289,1.0,0.0,1,0,1,0,0,0,3500000
0.4000000000000001,0.0,0.3333333333333333,0.0,0.16082474226804122,1.0,0.0,1,0,0,0,0,0,3500000
0.4000000000000001,0.0,0.0,0.0,0.3968384879725086,0.0,1.0,0,0,0,0,0,0,3500000
0.4000000000000001,0.0,0.0,0.0,0.12577319587628866,0.0,1.0,0,0,0,0,1,0,3500000
1.0000000000000002,0.0,0.3333333333333333,0.3333333333333333,0.13402061855670103,0.0,1.0,1,0,0,0,0,0,3500000
0.2,0.0,0.0,0.3333333333333333,0.13676975945017184,1.0,0.0,1,0,0,0,0,0,3500000
0.2,0.0,0.0,0.3333333333333333,0.29209621993127144,0.0,0.0,1,0,0,0,0,0,3500000
0.4000000000000001,0.0,0.3333333333333333,0.3333333333333333,0.10103092783505155,0.0,1.0,1,0,0,0,0,0,3500000
0.2,0.0,0.0,0.3333333333333333,0.3917525773195876,1.0,0.0,1,0,0,0,0,0,3500000
0.2,0.0,0.0,0.3333333333333333,0.1279725085910653,0.0,1.0,1,0,0,0,0,1,3500000
0.4000000000000001,0.0,0.3333333333333333,1.0,0.5395189003436425,0.0,1.0,1,0,0,0,0,1,3500000
0.2,0.0,0.0,0.0,0.29072164948453605,0.0,1.0,1,0,0,0,0,0,3500000
0.4000000000000001,0.0,0.0,0.0,0.7762199312714777,0.0,1.0,1,0,0,0,0,0,3500000
0.4000000000000001,0.0,0.3333333333333333,0.0,0.2233676975945017,0.0,1.0,0,0,0,0,0,0,3493000
0.4000000000000001,0.0,0.0,0.0,0.09690721649484535,0.0,1.0,1,0,0,0,0,0,3465000
0.2,0.0,0.0,0.3333333333333333,0.252233676975945,0.0,1.0,1,0,0,0,0,1,3465000
0.4000000000000001,0.0,0.6666666666666667,0.0,0.03402061855670102,0.0,0.0,1,0,0,0,0,1,3465000
0.2,0.0,0.0,0.0,0.16151202749140892,0.0,1.0,1,0,0,0,0,0,3430000
0.2,0.0,0.0,0.6666666666666666,0.10549828178694157,0.0,1.0,1,0,0,0,0,0,3430000
0.4000000000000001,0.0,0.0,0.0,0.1512027491408935,0.0,1.0,1,0,0,0,0,0,3430000
0.4000000000000001,0.0,0.6666666666666667,0.0,0.03402061855670102,0.0,0.0,1,0,0,0,0,1,3430000
0.4000000000000001,0.0,0.3333333333333333,0.0,0.06597938144329896,0.0,1.0,1,0,1,0,0,1,3430000
0.4000000000000001,0.3333333333333333,0.3333333333333333,0.0,0.020618556701030938,0.0,1.0,1,0,1,0,0,1,3430000
0.2,0.0,0.0,0.0,0.1642611683848797,0.0,1.0,1,0,0,0,0,0,3423000
0.4000000000000001,0.0,0.3333333333333333,0.3333333333333333,0.2154639175257732,0.0,0.0,1,1,1,0,1,0,3395000
0.4000000000000001,0.0,0.0,0.6666666666666666,0.12371134020618557,0.0,1.0,1,0,1,0,0,0,3395000
0.2,0.0,0.0,0.0,0.13676975945017184,0.0,0.0,1,0,0,0,0,0,3395000
0.6000000000000001,0.0,0.3333333333333333,0.6666666666666666,0.12714776632302405,0.0,1.0,1,0,0,0,1,0,3360000
0.6000000000000001,0.0,0.6666666666666667,0.0,0.22749140893470787,1.0,0.0,0,0,0,0,0,0,3360000
0.2,0.0,0.3333333333333333,0.0,0.1697594501718213,0.0,1.0,1,0,0,0,0,0,3360000
0.2,0.0,0.0,0.0,0.21305841924398622,0.0,1.0,1,0,0,0,0,0,3360000
0.2,0.0,0.0,0.0,0.1422680412371134,0.0,1.0,0,0,0,0,1,0,3360000
0.4000000000000001,0.0,0.0,0.0,0.14432989690721648,0.0,1.0,1,0,0,0,0,0,3360000
0.4000000000000001,0.0,0.3333333333333333,0.0,0.09965635738831616,1.0,0.0,0,0,1,0,0,0,3360000
0.2,0.0,0.0,0.6666666666666666,0.10549828178694157,0.0,0.0,1,0,1,0,0,0,3360000
0.4000000000000001,0.0,0.0,0.0,0.07216494845360824,0.0,0.0,0,0,0,0,0,0,3353000
0.4000000000000001,0.0,0.3333333333333333,0.0,0.03402061855670102,0.0,0.0,1,0,1,0,0,1,3332000
0.2,0.0,0.0,0.3333333333333333,0.1642611683848797,0.0,1.0,1,0,0,0,0,0,3325000
0.6000000000000001,0.0,0.3333333333333333,0.0,0.2147766323024055,0.0,1.0,1,0,0,0,0,0,3325000
0.2,0.0,0.0,0.0,0.05841924398625428,0.0,1.0,0,0,0,0,1,0,3290000
0.6000000000000001,0.0,0.3333333333333333,0.0,0.10515463917525772,0.0,1.0,1,0,1,0,1,0,3290000
0.4000000000000001,0.0,0.0,0.0,0.3030927835051546,0.0,0.0,1,1,1,0,0,0,3290000
0.6000000000000001,0.0,0.3333333333333333,0.3333333333333333,0.12577319587628866,1.0,0.0,0,0,0,0,0,0,3290000
0.6000000000000001,0.0,0.3333333333333333,0.0,0.1472164948453608,1.0,0.0,1,0,0,0,0,0,3290000
0.2,0.0,0.0,0.0,0.1642611683848797,0.0,1.0,1,0,0,0,0,0,3290000
0.4000000000000001,0.0,0.3333333333333333,0.0,0.03402061855670102,0.0,0.0,1,0,1,0,0,1,3290000
0.4000000000000001,0.0,0.0,0.3333333333333333,0.29072164948453605,0.0,1.0,1,0,0,0,0,0,3290000
0.2,0.0,0.0,0.0,0.19587628865979378,1.0,0.0,0,0,0,0,0,0,3255000
0.2,0.0,0.0,0.0,0.15670103092783505,0.0,1.0,0,0,0,0,0,0,3255000
0.6000000000000001,0.0,0.3333333333333333,0.0,0.13676975945017184,0.0,1.0,1,0,1,0,0,0,3234000
0.4000000000000001,0.0,0.3333333333333333,0.0,0.18694158075601375,0.0,1.0,1,0,0,0,0,0,3220000
0.2,0.0,0.0,0.3333333333333333,0.07106529209621992,0.0,1.0,1,0,0,0,1,0,3220000
0.4000000000000001,0.0,0.0,0.3333333333333333,0.18350515463917527,0.0,1.0,0,0,0,0,0,0,3220000
0.4000000000000001,0.0,0.3333333333333333,0.0,0.10103092783505155,0.0,0.0,0,0,0,0,0,0,3220000
0.0,0.0,0.0,0.0,0.12371134020618557,0.0,0.0,1,0,0,0,0,0,3150000
0.2,0.3333333333333333,0.0,0.3333333333333333,0.16054982817869418,0.0,1.0,0,1,1,0,0,0,3150000
0.2,0.0,0.0,0.0,0.12714776632302405,1.0,0.0,0,0,1,0,0,0,3150000
0.2,0.0,0.0,0.6666666666666666,0.16804123711340208,1.0,0.0,1,0,0,0,0,0,3150000
0.4000000000000001,0.0,0.3333333333333333,0.0,0.0,0.0,1.0,0,0,1,0,0,0,3150000
0.4000000000000001,0.0,0.3333333333333333,0.0,0.12371134020618557,1.0,0.0,1,0,1,0,0,0,3150000
0.2,0.0,0.0,0.0,0.35051546391752575,1.0,0.0,1,0,0,0,0,0,3150000
0.4000000000000001,0.0,0.3333333333333333,0.6666666666666666,0.5051546391752577,1.0,0.0,1,0,0,0,0,0,3150000
0.2,0.0,0.0,0.3333333333333333,0.0975257731958763,0.0,1.0,1,0,0,0,0,0,3150000
0.4000000000000001,0.0,0.3333333333333333,0.0,0.19587628865979378,0.0,1.0,1,0,0,0,1,0,3143000
0.4000000000000001,0.0,0.0,0.0,0.26426116838487973,0.0,1.0,1,0,1,0,0,0,3129000
0.4000000000000001,0.0,0.0,0.0,0.05140893470790378,1.0,0.0,1,0,0,0,0,1,3118850
0.4000000000000001,0.0,0.0,0.0,0.09278350515463918,0.0,1.0,0,0,0,0,1,0,3115000
0.4000000000000001,0.0,0.3333333333333333,0.0,0.1512027491408935,0.0,1.0,1,0,0,0,0,0,3115000
0.2,0.0,0.0,0.0,0.12714776632302405,0.0,1.0,1,0,0,0,0,0,3115000
0.2,0.0,0.0,0.3333333333333333,0.4432989690721649,0.0,1.0,1,0,0,0,0,0,3087000
0.2,0.0,0.0,0.0,0.22749140893470787,0.0,1.0,1,0,1,0,1,0,3080000
0.4000000000000001,0.0,0.3333333333333333,0.0,0.03505154639175259,1.0,0.0,0,0,1,0,0,0,3080000
0.2,0.0,0.0,0.0,0.09896907216494846,0.0,1.0,1,1,1,0,0,0,3080000
0.2,0.0,0.3333333333333333,0.3333333333333333,0.19587628865979378,1.0,0.0,1,0,0,1,0,0,3080000
0.2,0.0,0.0,0.0,0.14776632302405496,0.0,1.0,1,0,0,0,0,0,3045000
0.4000000000000001,0.0,0.3333333333333333,0.0,0.09896907216494846,1.0,0.0,0,0,0,0,0,0,3010000
0.4000000000000001,0.0,0.3333333333333333,0.6666666666666666,0.10927835051546392,1.0,0.0,1,0,0,0,0,0,3010000
0.2,0.0,0.0,0.0,0.08144329896907215,1.0,0.0,1,0,0,0,0,0,3010000
0.2,0.0,0.0,0.0,0.2027491408934708,0.0,0.0,1,0,0,0,0,0,3010000
0.4000000000000001,0.0,0.0,0.0,0.23546391752577317,0.0,1.0,0,0,0,0,0,0,3010000
0.4000000000000001,0.0,0.3333333333333333,0.0,0.14432989690721648,0.0,1.0,1,0,0,0,0,0,3010000
0.6000000000000001,0.0,0.3333333333333333,1.0,0.1360824742268041,1.0,0.0,1,0,0,0,0,0,3010000
0.2,0.0,0.0,0.0,0.4398625429553264,0.0,1.0,1,0,0,0,0,0,3003000
0.6000000000000001,0.0,0.3333333333333333,0.3333333333333333,0.1857044673539519,0.0,1.0,0,0,0,0,0,0,2975000
0.2,0.0,0.3333333333333333,0.0,0.09278350515463918,1.0,0.0,1,0,0,0,0,0,2961000
0.4000000000000001,0.0,0.3333333333333333,0.3333333333333333,0.28865979381443296,0.0,1.0,1,0,1,0,0,0,2940000
0.2,0.0,0.0,0.0,0.22749140893470787,0.0,1.0,1,0,0,0,0,0,2940000
0.4000000000000001,0.0,0.3333333333333333,0.3333333333333333,0.13402061855670103,0.0,1.0,0,0,0,0,0,0,2940000
0.6000000000000001,0.0,0.3333333333333333,0.0,0.13814432989690723,0.0,1.0,0,0,0,0,0,0,2940000
0.4000000000000001,0.0,0.3333333333333333,0.3333333333333333,0.12577319587628866,1.0,0.0,0,0,0,0,0,0,2940000
0.2,0.0,0.0,0.0,0.07216494845360824,0.0,0.0,0,0,0,0,0,0,2940000
0.4000000000000001,0.0,0.3333333333333333,0.0,0.10309278350515463,0.0,1.0,0,0,0,0,0,0,2940000
0.4000000000000001,0.0,0.3333333333333333,0.0,0.3412371134020618,1.0,0.0,1,0,0,0,0,0,2940000
0.2,0.0,0.0,0.0,0.09553264604810996,0.0,1.0,0,0,0,0,0,0,2870000
0.2,0.0,0.0,0.0,0.1360824742268041,0.0,1.0,1,0,0,0,0,0,2870000
0.2,0.0,0.0,0.0,0.29896907216494845,1.0,0.0,1,0,0,0,0,0,2870000
0.6000000000000001,0.0,0.3333333333333333,0.0,0.25773195876288657,0.0,1.0,1,0,0,0,0,0,2870000
0.6000000000000001,0.0,0.6666666666666667,0.0,0.2439862542955326,0.0,1.0,1,0,0,0,0,0,2852500
0.4000000000000001,0.0,0.3333333333333333,0.3333333333333333,0.11340206185567009,1.0,0.0,0,0,0,0,0,0,2835000
0.4000000000000001,0.0,0.3333333333333333,0.3333333333333333,0.18556701030927836,0.0,1.0,0,0,0,1,0,0,2835000
0.2,0.0,0.0,0.3333333333333333,0.06804123711340207,0.0,0.0,0,0,0,0,0,0,2835000
0.4000000000000001,0.0,0.3333333333333333,0.3333333333333333,0.06872852233676977,0.0,1.0,1,0,1,0,0,0,2800000
0.4000000000000001,0.0,0.0,0.0,0.15876288659793814,0.0,0.0,1,0,0,0,0,0,2800000
0.2,0.0,0.0,0.0,0.3539518900343642,0.0,1.0,1,0,0,0,0,0,2730000
0.4000000000000001,0.0,0.3333333333333333,0.3333333333333333,0.16151202749140892,0.0,1.0,1,0,0,0,0,0,2730000
0.2,0.0,0.0,0.0,0.16151202749140892,0.0,1.0,1,0,0,0,0,0,2695000
0.2,0.0,0.0,0.0,0.15697594501718215,0.0,1.0,1,0,0,0,0,0,2660000
0.2,0.0,0.3333333333333333,0.0,0.024054982817869414,1.0,0.0,1,0,0,0,0,0,2660000
0.4000000000000001,0.6666666666666667,0.3333333333333333,0.0,0.1360824742268041,0.0,1.0,0,1,0,0,0,0,2660000
0.4000000000000001,0.0,0.0,0.0,0.07903780068728522,0.0,1.0,1,0,0,0,0,0,2660000
0.4000000000000001,0.0,0.0,0.0,0.053608247422680416,0.0,1.0,0,0,0,0,0,0,2660000
0.2,0.0,0.0,0.3333333333333333,0.12577319587628866,1.0,0.0,1,0,0,0,0,0,2660000
0.4000000000000001,0.0,0.0,0.0,0.16151202749140892,1.0,0.0,1,0,0,0,0,0,2660000
0.2,0.0,0.0,0.0,0.10549828178694157,0.0,1.0,1,0,0,0,1,0,2653000
0.4000000000000001,0.0,0.3333333333333333,0.0,0.16151202749140892,0.0,1.0,1,0,0,0,1,0,2653000
0.2,0.0,0.0,0.0,0.0865979381443299,0.0,1.0,0,0,0,0,0,0,2604000
0.2,0.0,0.0,0.0,0.13402061855670103,0.0,1.0,1,0,0,0,0,0,2590000
0.2,0.0,0.0,0.0,0.18900343642611683,0.0,1.0,1,0,0,0,0,0,2590000
0.2,0.3333333333333333,0.3333333333333333,0.3333333333333333,0.13402061855670103,0.0,0.0,1,0,1,0,0,0,2590000
0.4000000000000001,0.0,0.0,0.0,0.08453608247422681,0.0,1.0,0,0,0,0,0,0,2520000
0.4000000000000001,0.0,0.0,0.0,0.10515463917525772,0.0,1.0,0,0,0,0,0,0,2520000
0.2,0.0,0.3333333333333333,0.0,0.09278350515463918,0.0,0.0,1,0,0,0,0,0,2520000
0.4000000000000001,0.0,0.3333333333333333,0.0,0.18900343642611683,0.0,1.0,1,0,0,0,0,0,2485000
0.4000000000000001,0.0,0.3333333333333333,0.0,0.09278350515463918,1.0,0.0,0,0,0,0,0,0,2485000
0.4000000000000001,0.0,0.3333333333333333,0.0,0.10721649484536083,0.0,1.0,1,0,1,0,0,0,2450000
0.2,0.0,0.0,0.3333333333333333,0.10927835051546392,0.0,1.0,0,1,0,0,0,0,2450000
0.2,0.0,0.0,0.3333333333333333,0.09278350515463918,0.0,1.0,1,0,0,0,0,0,2450000
0.2,0.0,0.0,0.0,0.12714776632302405,0.0,1.0,1,1,0,0,0,0,2450000
0.2,0.0,0.3333333333333333,0.0,0.21924398625429553,0.0,1.0,1,0,0,0,0,0,2450000
0.2,0.0,0.0,0.0,0.41580756013745707,0.0,1.0,1,0,0,0,0,0,2450000
0.2,0.0,0.0,0.0,0.13642611683848796,0.0,1.0,0,0,0,0,0,0,2408000
0.4000000000000001,0.0,0.3333333333333333,0.0,0.056701030927835044,0.0,0.0,1,0,0,0,0,0,2380000
0.6000000000000001,0.3333333333333333,0.3333333333333333,0.0,0.07814432989690723,0.0,0.0,1,0,0,0,0,0,2380000
0.2,0.0,0.0,0.0,0.11092783505154638,0.0,1.0,1,0,0,0,0,0,2380000
0.2,0.0,0.0,0.0,0.13676975945017184,0.0,1.0,1,0,0,0,0,0,2345000
0.2,0.0,0.0,0.0,0.10515463917525772,0.0,1.0,1,0,0,0,0,0,2310000
0.2,0.0,0.0,0.0,0.012783505154639191,1.0,0.0,0,0,1,0,0,0,2275000
0.0,0.0,0.0,0.0,0.15945017182130583,0.0,1.0,0,0,0,0,0,0,2275000
0.4000000000000001,0.0,0.3333333333333333,0.0,0.15945017182130583,0.0,1.0,1,0,1,0,0,0,2275000
0.4000000000000001,0.0,0.0,0.0,0.020618556701030938,0.0,1.0,0,0,0,1,0,0,2240000
0.4000000000000001,0.0,0.0,0.0,0.2508591065292096,0.0,1.0,0,0,0,0,1,1,2233000
0.2,0.0,0.0,0.0,0.09278350515463918,0.0,1.0,0,0,0,0,0,0,2135000
0.4000000000000001,0.0,0.3333333333333333,0.0,0.05154639175257733,0.0,1.0,1,0,0,0,0,0,2100000
0.6000000000000001,0.0,0.3333333333333333,0.0,0.09278350515463918,0.0,1.0,1,0,0,0,0,0,2100000
0.2,0.0,0.0,0.3333333333333333,0.11752577319587629,0.0,1.0,1,0,0,0,0,0,2100000
0.8,0.0,0.3333333333333333,0.0,0.12164948453608246,0.0,1.0,0,0,0,0,0,0,1960000
0.4000000000000001,0.0,0.3333333333333333,0.0,0.0034364261168384896,0.0,1.0,1,0,0,0,0,0,1890000
0.2,0.0,0.0,0.0,0.13738831615120273,0.0,1.0,1,0,0,0,0,0,1890000
0.2,0.0,0.0,0.3333333333333333,0.09209621993127148,0.0,1.0,0,0,0,0,0,0,1855000
0.2,0.0,0.0,0.6666666666666666,0.09278350515463918,0.0,1.0,1,0,1,0,0,0,1820000
0.4000000000000001,0.0,0.0,0.0,0.05154639175257733,1.0,0.0,0,0,0,0,0,0,1767150
0.2,0.0,0.0,0.0,0.13539518900343642,0.0,1.0,1,0,0,0,0,0,1750000
0.4000000000000001,0.0,0.0,0.0,0.0865979381443299,0.0,0.0,0,0,0,0,0,0,1750000
0.4000000000000001,0.0,0.3333333333333333,0.0,0.1512027491408935,0.0,1.0,1,0,0,0,0,0,1750000
